PMV,RP884,Case Study
-3,0.56454,0.545454545
-2,0.24837,0.272727273
-1,0.064038,0
0,0.0090434,0
1,0.14553,0.181818182
2,0.40865,0.454545455
3,0.72366,0.727272727
