PMV,RP884,Case Study
-3,0.56454,0.727272727
-2,0.24837,0.454545455
-1,0.064038,0.181818182
0,0.0090434,0
1,0.14553,0.090909091
2,0.40865,0.363636364
3,0.72366,0.636363636
